Electrode,Weight
POL LPTH7-Ref-0,-33799.76428401601
POL LHIP10-Ref-0,-32409.40625547093
POL LANT10-Ref,-29479.92656106208
POL LPTH6-Ref-0,-29472.928959485493
POL LHIP7-Ref-0,-27780.709047221844
POL RPTH7-Ref,-27102.865529334584
POL LpTH5-Ref-0,-26131.446152215434
POL RPTH11-Ref,-25891.862074313183
POL LHIP8-Ref-0,-24108.507177551273
POL LPTH8-Ref-0,-22763.31246634323
POL RPTH12-Ref,-21781.887888588986
POL LPTH9-Ref-1,-19991.847215594426
POL RPIN7-Ref-1,-19711.48212785383
POL RpTH7-Ref-1,-19329.175486182558
POL RPTH10-Ref,-18969.331630120247
POL LSL5-Ref,-18761.19469750317
POL LSL3-Ref,-18469.4761377276
POL LPTH8-Ref-1,-18440.46776435418
POL LPTH9-Ref-0,-18144.596271253366
POL LANT11-Ref,-17668.06836138318
POL LSL4-Ref,-17133.894408697088
POL RPTH6-Ref,-16764.20004421766
POL RPIN6-Ref-1,-16215.006334885704
POL LPTH10-Ref-0,-16002.771855352274
POL LHIP14-Ref,15982.478716417212
POL LIN2-Ref,15456.19519825341
POL RpIN6-Ref,-15227.377957948167
POL LPTH7-Ref-1,-15145.021458911555
POL LHIP11-Ref,-14186.194102280959
POL LIR6-Ref,14179.740692192563
POL LIN1-Ref,13999.597855862836
POL RpIN5-Ref,-13859.704152463404
POL LIR5-Ref,13623.397813460611
POL LIR4-Ref,13611.823222030722
POL LPTH5-Ref-0,-13609.649803717426
POL LpTH6-Ref-1,-13569.827709405936
POL LRMD11-Ref-1,-13459.358130313834
POL LHIP3-Ref-0,13334.360413933662
POL LSL1-Ref,-13166.895701230625
POL RPTH9-Ref,-12940.03076476392
POL LHIP4-Ref-0,12786.951881387287
POL LPTH10-Ref-1,-12785.566864887438
POL LIN6-Ref,12705.670504898813
POL LANT4-Ref,12561.79948347204
POL LSL6-Ref,-12549.460034201691
POL LANT3-Ref,12544.611217989785
POL LpTH7-Ref-1,-12456.077661579582
POL LIR2-Ref,12364.083974826874
POL LHIP2-Ref-0,12329.997997317709
POL LHIP1-Ref-0,12328.554430345319
POL RpTH6-Ref-1,-12211.106528200227
POL LANT2-Ref,12127.196503962155
POL LANT5-Ref,12093.198724200127
POL LPTH1-Ref-0,12043.776834228203
POL LANT1-Ref,12025.447725877173
POL LPTH2-Ref-0,12015.303653226278
POL RPIN8-Ref-1,-11695.398116039467
POL RPTH8-Ref,-11634.718582436735
POL LIN3-Ref,11621.369283910279
POL LIC8-Ref,11546.02397432826
POL LIR1-Ref,11544.025298876591
POL LIC7-Ref,11472.195345835094
POL LSL2-Ref,-11344.989999165824
POL RpTH10-Ref-1,-11318.151938884006
POL LHiP7-Ref,-11283.797745975022
POL LPIN7-Ref-0,-11230.267477803349
POL LpTH4-Ref-0,-11169.671233547295
POL LHiP8-Ref,-11140.609500365292
POL RpTH8-Ref-1,-10956.813530196663
POL LIN5-Ref,10841.153662474033
POL LPTH6-Ref-1,-10829.820715991971
POL LIN4-Ref,10804.42626787554
POL LHIP13-Ref,10664.432460546146
POL LHIP6-Ref-0,-10638.936443893286
POL LPTH3-Ref-0,10622.318115501492
POL LHIP12-Ref,-10621.25656621349
POL LANT9-Ref,-10586.718865898463
POL LANT14-Ref,10478.589208024152
POL RpTH11-Ref-1,-10457.482202706464
POL LIR3-Ref,10451.988492381766
POL LpTH6-Ref-0,-10330.714871875245
POL LPIN8-Ref-0,-10095.737355720788
POL LRMD10-Ref-1,-10035.978556679971
POL LIC3-Ref,9853.336270507272
POL LRMD12-Ref-1,-9792.3909247597
POL LSU6-Ref,9777.195178614196
POL RAMY11-Ref-0,-9754.122919394105
POL LHiP10-Ref,-9734.437651708366
POL LIC2-Ref,9587.333382502116
POL LHiP9-Ref,-9388.558146413205
POL LpTH7-Ref-0,-9295.024261158738
POL LIC6-Ref,9291.164496849051
POL RPIN5-Ref-1,-9234.826414325877
POL LpTh9-Ref,-9131.215849526221
POL LIL5-Ref,-9129.068051689183
POL LSU1-Ref,-9125.207047373258
POL LIC5-Ref,9069.092130749583
POL LHIP9-Ref-0,-8989.478463328353
POL LSR6-Ref,8775.81652935376
POL LSR5-Ref,8721.408716701319
POL LANT13-Ref,8611.759888420236
POL LPIN11-Ref-1,-8402.511587793231
POL LIC1-Ref,8328.757749671084
POL LSU5-Ref,8228.512579831415
POL LIC4-Ref,8121.99537989594
POL LPIN8-Ref-1,-8051.47294786898
POL LSR1-Ref,7990.52600114684
POL LPIN9-Ref-0,-7990.039396966546
POL LANT6-Ref,7859.923663593645
POL LHiP6-Ref,-7693.1122686566705
POL LPIN7-Ref-1,-7678.844508429432
POL LpTH8-Ref-1,-7303.292288352603
POL LSR3-Ref,7226.18674200875
POL LPIN4-Ref-1,-7172.405826087554
POL LPIN9-Ref-1,-7103.551808624812
POL LPIN5-Ref-1,-7026.161548500434
POL LPIN6-Ref-1,-6934.244808266813
POL LPIN12-Ref-0,-6819.860340260651
POL LpTH9-Ref-1,-6811.224248469601
POL LpTH10-Ref-1,-6661.233959578831
POL RPIN10-Ref-1,-6632.942137102419
POL LSR2-Ref,6470.20033032724
POL LPTH12-Ref-0,6432.704239282556
POL LPIN10-Ref-0,-6401.232862581913
POL LPIN6-Ref-0,-6395.916093016966
POL LRMD14-Ref-1,6359.7161568255615
POL LpTH8-Ref-0,-6209.27390612962
POL LPIN11-Ref-0,-6196.452319332507
POL RAMY10-Ref-1,-6152.8885251839765
POL LPCU6-Ref,6006.009686279375
POL RPIN11-Ref-1,-6005.848529828342
POL LaTH2-Ref-2,5989.370403826494
POL LMDT10-Ref,-5970.977717828049
POL RpIN3-Ref,-5960.628400193625
POL RPCU9-Ref,5946.1772000747205
POL LPIN3-Ref-1,-5918.5279561763455
POL RPTH5-Ref,-5797.698454789573
POL RMCC5-Ref-1,5769.5968943726275
POL LMCC1-Ref-1,5692.380025109421
POL RpTH5-Ref-1,-5656.98738283959
POL RHIP5-Ref-1,5653.9088310871675
POL LMCC2-Ref-1,5590.522153842449
POL RaTH9-Ref-2,5530.089292401598
POL RpIN4-Ref,-5516.329365388451
POL RaTH2-Ref-2,5474.279239787171
POL LAMY4-Ref-3,5458.8690145702885
POL LPIN10-Ref-1,-5457.760083772497
POL RPCU5-Ref,5427.998891692223
POL RMCC4-Ref-1,5346.6489459180375
POL RpHP8-Ref,-5333.179223359446
POL LPCU5-Ref,5325.316012678088
POL LHIP8-Ref-2,5317.3133948834675
POL RpTH9-Ref-1,-5274.031457555255
POL LANT7-Ref,5272.923214585514
POL RMCC14-Ref-1,5213.571772302409
POL LOFC6-Ref-1,5206.76294685001
POL LHIP1-Ref-2,5183.3164476425345
POL RaTH1-Ref-2,5158.96058896933
POL LPTH4-Ref-1,5156.603117897478
POL RaTH8-Ref-2,5153.827803692975
POL LaTH3-Ref-2,5108.695143939716
POL LPTH11-Ref-1,-5101.755225530066
POL RPCU2-Ref,5087.888803848084
POL LOFC8-Ref-1,5083.287005730514
POL LOFC1-Ref-1,5054.695738705251
POL LaTH4-Ref-2,5035.064633038484
POL RaTH12-Ref-2,5016.600065988331
POL LOFC3-Ref-1,4983.416664865303
POL LMCC10-Ref-1,4971.936804299025
POL RPCU8-Ref,4968.977450937833
POL LPCU7-Ref,4891.662090772984
POL LPTH3-Ref-1,4877.767110001348
POL LpTH11-Ref-1,-4814.282290788497
POL RHIP2-Ref-1,4766.921371663061
POL RPTH3-Ref,4760.586959577113
POL LRMD6-Ref-1,4724.539986039421
POL LOFC5-Ref-1,4711.280882348251
POL RaIN2-Ref,4690.651850879259
POL RHIP3-Ref-1,4677.712326581833
POL RHIP1-Ref-1,4651.985911398943
POL RAMY6-Ref-2,4624.739931490821
POL RpHP7-Ref,-4623.445493202126
POL RMCC6-Ref-1,4601.3364528712555
POL LMCC15-Ref-1,4599.103424802306
POL RAMY6-Ref-3,4594.712389280302
POL RaTH3-Ref-2,4589.742336912225
POL LAMY5-Ref-3,4568.811094824596
POL RPIN6-Ref-0,-4564.76434897656
POL LIL2-Ref,4553.548476000121
POL LANT12-Ref,-4553.501419225048
POL LPIN13-Ref-0,-4533.092218246189
POL RPIN9-Ref-1,-4513.725780959005
POL LSU4-Ref,4507.173262623311
POL RHIP8-Ref-1,4451.382822018668
POL RPCU7-Ref,4445.5996913546005
POL LHIP2-Ref-2,4423.56368559578
POL RpHP10-Ref,-4400.063434905477
POL LPCU11-Ref,4393.601391336003
POL RHIP4-Ref-1,4384.748085246561
POL LPIN5-Ref-0,-4363.4208162701725
POL RAMY9-Ref-1,-4334.976339461749
POL LpTH12-Ref-0,4287.892116931936
POL LaTH5-Ref-2,4283.509999743245
POL RaTH4-Ref-2,4241.680104033498
POL LRMD4-Ref-1,4230.443826947225
POL LOFC4-Ref-1,4227.540364359125
POL RMCC7-Ref-1,4202.399532804823
POL LaTH6-Ref-2,4188.835862016016
POL CINS6-Ref,-4170.427117083909
POL LITG10-Ref,4157.443774266334
POL LaTH1-Ref-2,4112.937325657083
POL LIL4-Ref,-4110.684707418975
POL LOFC9-Ref-1,4109.220306787086
POL LAMY2-Ref-3,4064.559039622076
POL LPIN12-Ref-1,-4055.1535685894996
POL RaTH7-Ref-2,4051.211759212658
POL LpTh4-Ref,4027.416399498006
POL LPTH4-Ref-0,4023.129721734292
POL LPTH14-Ref,4013.435311370754
POL LPTH1-Ref-1,4005.1323107389057
POL LHIP10-Ref-2,3985.0358995361935
POL LRMD11-Ref-0,-3966.767108574946
POL RaTH2-Ref-1,3957.220673562359
POL RHIP7-Ref-1,3955.6632886400157
POL LMCC3-Ref-1,3954.5543680192736
POL LAMY12-Ref-1,3925.2343475341604
POL LPCU10-Ref,3917.9300739152964
POL LMCC5-Ref-1,3915.4376520301857
POL LPTH2-Ref-1,3913.244299209733
POL RpIN1-Ref,-3902.0682969256295
POL LMCC6-Ref-1,3900.262206717687
POL RPCU1-Ref,3889.6048212760484
POL RPTH1-Ref,3877.6584354609195
POL RHIP6-Ref-1,3875.5103831189786
POL LSR4-Ref,3856.2740021964405
POL LPCU12-Ref,3848.8608124283523
POL RaIN3-Ref,3829.9944358489056
POL LOFC12-Ref-1,3824.837164364727
POL RaTH10-Ref-2,3779.0826419346613
POL LRMD7-Ref-1,3775.661494267981
POL RAMY2-Ref-3,3744.2766663038983
POL LPIN4-Ref-0,-3744.2055114955233
POL LAMY6-Ref-3,3739.500471112882
POL LMCC4-Ref-0,3738.6960090934986
POL CINS7-Ref,-3730.053765973245
POL LHIP7-Ref-2,3718.107665791682
POL RaTH11-Ref-2,3713.58237526786
POL RMCC1-Ref-1,3711.5062283170223
POL LPTH13-Ref,3701.1966855042115
POL LMCC9-Ref-1,3700.5921231798084
POL RaTH13-Ref-2,3691.099171406215
POL RPCU4-Ref,3688.820683617528
POL LMiC8-Ref,3664.605034012559
POL LOFC7-Ref-1,3648.515467351791
POL RMCC15-Ref-1,3632.872190486434
POL LPIN14-Ref-0,-3612.016960886397
POL RaIN4-Ref,3601.5348155696947
POL RPCU3-Ref,3590.0387545002504
POL LRMD2-Ref-1,3586.154486789664
POL LHIP9-Ref-2,3572.95421680435
POL RpHP6-Ref,-3562.1736308449185
POL RPIN4-Ref-1,-3561.9280550649887
POL LOFC10-Ref-1,3558.8636523425853
POL RPIN13-Ref-1,-3558.594212798603
POL LRMD15-Ref-1,3540.8988017872257
POL LRMD16-Ref-1,3503.0135179490094
POL LpFG9-Ref,3439.4997692338056
POL LMiC7-Ref,3438.099420565377
POL RPIN5-Ref-0,-3418.5579387011285
POL LMiC5-Ref,3393.080034994369
POL RMCC7-Ref-0,3377.3863499216627
POL RaTH4-Ref-1,3368.093063540294
POL LHIP3-Ref-2,3363.3668412400907
POL LOFC13-Ref,3360.4916106454507
POL LPIN2-Ref-1,-3344.4092294471134
POL RMCC1-Ref-0,3338.7310350580183
POL LMCC14-Ref-1,3337.9009305171467
POL RPTH14-Ref,3307.150334070628
POL LOFC14-Ref,3306.1515195208453
POL LPCU4-Ref,3302.814026521614
POL LAMY1-Ref-3,3297.4785654669267
POL RPIN16-Ref-1,3258.516622338653
POL RHIP2-Ref-0,3252.487970069037
POL RpTh3-Ref,3245.4630868278864
POL RpTH2-Ref-1,3243.835249932953
POL LHIP5-Ref-2,3213.0301511641724
POL RaIN12-Ref,3200.087846664854
POL RPCU10-Ref,3196.909982046608
POL LaTH8-Ref-2,3196.1538128804477
POL RaTH5-Ref-2,3169.743898976959
POL LpFG10-Ref,3162.5363728577718
POL RAMY5-Ref-2,3156.218315815066
POL LRMD1-Ref-1,3154.8276671538024
POL LAMY4-Ref-2,3154.0985701962913
POL LRCS2-Ref,3141.2866079665264
POL RAMY1-Ref-0,3124.2899766990367
POL LAMY2-Ref-2,3122.088507885315
POL LHIP5-Ref-0,3106.300959383039
POL RPTH4-Ref,3100.7398331930194
POL RaTH16-Ref,3089.962472596831
POL LMDT11-Ref,-3080.936171081726
POL LPIN15-Ref-0,-3077.7444646645336
POL RaIN14-Ref,3075.3939841618558
POL LRMD5-Ref-1,3059.2268323391736
POL LITG8-Ref,3049.7988124651733
POL LPIN1-Ref-1,-3037.134721509964
POL LPHG2-Ref-0,3019.9261811328156
POL LHIP4-Ref-2,3019.7759273420315
POL RAMY4-Ref-0,3008.966912628346
POL LMCC8-Ref-1,2974.681565748234
POL RaTh7-Ref,2973.8502981440556
POL LACC13-Ref,2966.93283516662
POL LACC14-Ref,2964.540322143171
POL LMDT9-Ref,-2960.6634685688973
POL LpTH12-Ref-1,-2950.2616421838293
POL LpFG7-Ref,2941.460483748196
POL RAMY2-Ref-0,2931.2065941288483
POL RAMY7-Ref-2,2901.407576144227
POL LaTH6-Ref-0,2889.663830302069
POL LpTh10-Ref,-2888.805695002015
POL RMCC8-Ref-0,2881.9783696378736
POL LPCn2-Ref,2874.701531641405
POL LPCU2-Ref,2871.680721340634
POL LOfC9-Ref,2869.5794651401084
POL RPIN1-Ref-1,2867.7956400541516
POL RAMY3-Ref-0,2860.411916548661
POL RMCC3-Ref-1,2850.620357961524
POL LPCn9-Ref,-2841.988452538389
POL LMCC13-Ref-1,2828.0308789767932
POL LPIN16-Ref-1,2802.278941553753
POL LMCC4-Ref-1,2796.4899253427748
POL LPCU8-Ref,2791.0420150756736
POL RMCC4-Ref-0,2786.241117182603
POL RpTh7-Ref,-2784.2633416445847
POL RAMY1-Ref-1,2782.8537056750056
POL LMCC3-Ref-0,2777.715187313815
POL RMCC2-Ref-1,2772.4758445260954
POL LpFG8-Ref,2770.749170061733
POL RPIN2-Ref-1,2767.1441846096964
POL RPCU6-Ref,2763.7351464277303
POL RpTH3-Ref-1,2759.6345673764063
POL RpTH6-Ref-0,-2734.2861336266133
POL LaTH12-Ref-2,2725.1830712708306
POL LRMD3-Ref-1,2690.156733960782
POL RMCC16-Ref-0,2677.5884278622975
POL RPvH9-Ref,2662.817686541539
POL RaIN11-Ref,2662.507280015284
POL LaTH10-Ref-0,2654.842485109668
POL RAMY1-Ref-3,2649.546055041798
POL RHIP9-Ref-1,2636.8999359000395
POL LaTH4-Ref-0,2633.108595192737
POL LpFG3-Ref,-2629.340655337436
POL RPIN1-Ref-0,2626.8373507405495
POL RPTH2-Ref,2613.37945546029
POL RAMY7-Ref-3,2612.4858379712596
POL LRMD13-Ref-0,-2610.7071425432355
POL LMCC8-Ref-0,2597.5045529218132
POL LMCC2-Ref-0,2584.8260258952328
POL RaTH6-Ref-2,2582.908083569648
POL LPIN15-Ref-1,2579.008320412144
POL LaTH2-Ref-1,2553.4464605236053
POL LPCn1-Ref,2547.5339033490363
POL LAMY3-Ref-2,2543.6904283125364
POL RaTH14-Ref-2,2542.9909900215216
POL RpIN2-Ref,-2535.9615109468473
POL LpFG4-Ref,-2535.207778675467
POL LITG6-Ref,2525.678706376759
POL RsCC1-Ref,2521.082046178541
POL RaTH3-Ref-1,2520.989281581149
POL RMiC3-Ref,2516.9720770784843
POL LPCU3-Ref,2516.5458904557768
POL RaTH15-Ref,2501.3582830985756
POL RaTH7-Ref-0,2485.8861758147023
POL LaTh5-Ref,2475.368372879316
POL RaTh5-Ref,2465.025128458677
POL RaTh6-Ref,2459.454726909143
POL LpTh12-Ref,-2437.2778432854516
POL RMCC13-Ref-1,2424.701675927901
POL RMiC6-Ref,2424.239495978571
POL RpHP2-Ref,2423.769504805427
POL RMiC7-Ref,2410.9697448540915
POL RPTH13-Ref,2402.4603985057383
POL LaTH1-Ref-0,2401.936282801377
POL LITG1-Ref,2396.336148223224
POL LSU3-Ref,2382.2760651679555
POL LMCC7-Ref-1,2360.7619944360667
POL LaIN9-Ref,2350.629537961911
POL LRMD12-Ref-0,-2348.5196293139966
POL LITG3-Ref,-2346.168273799715
POL RaIN5-Ref,2339.1884506527717
POL LAMY2-Ref-1,2329.9558274235446
POL LpTh5-Ref,2328.0639993228883
POL RAMY2-Ref-2,2326.366971927659
POL LMCC16-Ref-1,2317.707835501614
POL RHIP4-Ref-0,2314.473792208091
POL RMCC6-Ref-0,2307.28921153514
POL LMCC12-Ref-1,2305.0383535030815
POL RaTh4-Ref,2300.806766595215
POL LaTH11-Ref-1,-2292.4026530742744
POL RpTH1-Ref-0,2291.8913500288263
POL LaTh6-Ref,2290.7049931290567
POL LPIN14-Ref-1,2283.4540759278393
POL LITG4-Ref,-2273.3660960831835
POL LaTH5-Ref-0,2264.688870191053
POL LAMY6-Ref-0,2262.9167351317337
POL LaIN10-Ref,2257.784680083731
POL LPCU1-Ref,2246.839683995845
POL RaTH1-Ref-0,-2243.9925401778714
POL RpIN7-Ref,2243.7088398905194
POL AINS4-Ref,2239.2740422595107
POL LHIP6-Ref-2,2235.0027201807206
POL RpTh2-Ref,2230.6063179055
POL LPCn12-Ref,2230.4669794672295
POL LaTH7-Ref-2,2221.8105121315075
POL RHIP3-Ref-0,2218.5659110712727
POL LSCC5-Ref,2208.7721469125095
POL LACC7-Ref,2206.7939040200645
POL LPCU9-Ref,2206.5919689236857
POL LAMY3-Ref-0,2205.783107533768
POL RpHG1-Ref,2199.3034717970895
POL RMCC5-Ref-0,2194.7143933905554
POL LvPH4-Ref,2192.6452410817624
POL RPIN14-Ref-1,-2189.4854672832694
POL RMCC16-Ref-1,2186.701811023641
POL RpTH1-Ref-1,2168.9273240276993
POL RPIN3-Ref-0,2167.1508563815178
POL LMCC11-Ref-1,2164.89090654371
POL RaIN10-Ref,2151.4235000442623
POL RAMY12-Ref-1,2149.4176352200802
POL LPHG7-Ref-1,2145.637977206114
POL LpTH5-Ref-1,-2144.3974135979975
POL LMCC11-Ref-0,2142.7584904423925
POL RAMY3-Ref-2,2132.382510547646
POL RsCC3-Ref,2130.589168602074
POL LACC8-Ref,-2122.590003559142
POL RaIN9-Ref,2111.5519365033915
POL LIL6-Ref,2090.740285819514
POL LRMD1-Ref-0,2087.4959604375426
POL RaTh8-Ref,2084.1041676435702
POL LAMY5-Ref-2,2071.176497215091
POL RMCC8-Ref-1,2054.1760284325956
POL RAMY11-Ref-1,2026.6173231065127
POL LMiC4-Ref,2024.6202784397615
POL LaTh3-Ref,2005.5586530721034
POL RAMY3-Ref-3,2005.1171982462247
POL LpTH3-Ref-0,1999.7400183512027
POL RPvH5-Ref,1999.3516217667197
POL RAMY8-Ref-1,-1997.3727139023015
POL RaTH7-Ref-1,1991.0735170880325
POL RAMY5-Ref-0,1990.707849273868
POL LaTh2-Ref,1971.1750459644384
POL LvPH9-Ref,1965.0664658339108
POL RpHP1-Ref,1961.964027918351
POL RaIN15-Ref,1960.8479904028086
POL LMCC5-Ref-0,1955.7184815700894
POL LPHG1-Ref-0,1949.7624224803728
POL LSCC1-Ref,1949.0342999143409
POL RPCn2-Ref,1948.642364436496
POL LMCC13-Ref-0,1947.7546708658876
POL LITG7-Ref,1942.9808706335764
POL LaTh8-Ref,1933.594810758845
POL LPHG8-Ref-0,-1930.1186227717235
POL RMCC2-Ref-0,1929.4591104809758
POL LaTH13-Ref-1,1928.4471869407753
POL LOFC6-Ref-0,1916.195184232903
POL LMCC12-Ref-0,1909.1326456392292
POL LRMD5-Ref-0,1908.4459184208824
POL LMCC10-Ref-0,1908.1930700521368
POL RsCC10-Ref,1905.4271756147796
POL RMCC3-Ref-0,1901.7372281009714
POL RaTH11-Ref-0,-1898.7999559470259
POL LAMY3-Ref-3,1897.712139480715
POL LRCS1-Ref,1893.92566408036
POL RaTh11-Ref,1891.5290582926211
POL LaTH13-Ref-0,1890.1408653924175
POL RaTH1-Ref-1,1874.4967586271405
POL LMCC16-Ref-0,1872.728713554865
POL LMiC9-Ref,1864.8757579897454
POL RsCC5-Ref,1858.503027522667
POL LMiC6-Ref,1853.2783519807608
POL RHIP10-Ref-1,1847.3842383538108
POL LaTH14-Ref-1,1842.2394191948927
POL RPIN3-Ref-1,1840.60410103204
POL RPIN12-Ref-1,-1840.1921171492784
POL RAMY2-Ref-1,1831.016511254682
POL RaTH10-Ref-1,-1828.9312395534082
POL LSCC3-Ref,1826.9794078667467
POL RaIN8-Ref,1817.599638885227
POL LpFG1-Ref,-1813.7159083076444
POL LPHG8-Ref-1,1808.3108864423791
POL RMCC11-Ref-1,1803.4689495491139
POL LIL3-Ref,1791.9952917939559
POL LMiC1-Ref,1790.8791433664544
POL LPCn10-Ref,1789.1317136650312
POL RHIP1-Ref-0,1779.8367372996122
POL LHiP5-Ref,-1776.285426893101
POL LRCS11-Ref,1775.6250883361893
POL RpTH2-Ref-0,1766.3106687552638
POL LvPH6-Ref,1749.3342487898065
POL RAMY4-Ref-3,1744.9624479388515
POL LSU2-Ref,1742.8664216707712
POL LPCn11-Ref,1742.543126238851
POL LAMY7-Ref-3,1734.428703271937
POL LPHG3-Ref-0,1731.002645109722
POL RpTH4-Ref-1,1724.1329456911735
POL LOfC5-Ref,1722.165124119189
POL RPIN2-Ref-0,1720.682851372705
POL LvPH2-Ref,1715.3049289712121
POL LOFC11-Ref-1,1701.3325072214916
POL RaIN7-Ref,1700.3326400481285
POL RHIP5-Ref-0,1697.937958154983
POL RAMY12-Ref-2,-1696.945745613117
POL LaTH9-Ref-2,1696.5952412642532
POL LSCC4-Ref,1688.6614665615725
POL RPCn6-Ref,1684.6661370215265
POL RsCC4-Ref,1680.7640764965722
POL RpTh4-Ref,1678.985844215437
POL LaTH12-Ref-1,-1668.1221666419128
POL RpTH12-Ref-1,1664.9565985982197
POL RPIN8-Ref-0,1663.245614572478
POL LOfC4-Ref,1652.9517909980336
POL LRMD2-Ref-0,1652.4972129370144
POL LpFG2-Ref,-1652.4666564795873
POL RMiC8-Ref,1644.307286316478
POL LRMD3-Ref-0,1643.2691534236517
POL LaTH14-Ref-0,1629.8677283150616
POL RPIN16-Ref-0,1624.7287350407532
POL LaTH11-Ref-0,1622.4691863981566
POL LPHG5-Ref-1,1621.7094488701757
POL LaTh4-Ref,1617.0004049512565
POL LOFC2-Ref-1,1598.5309009223347
POL LPHG9-Ref-0,-1593.6609883234657
POL LRCS7-Ref,1593.0278053002876
POL LMiC10-Ref,1581.7711594121859
POL LaTH3-Ref-1,1570.799101694859
POL LITG9-Ref,1558.8779941804628
POL LOfC1-Ref,1551.1393414346946
POL LAMY1-Ref-2,1550.6851511685877
POL LHiP11-Ref,-1534.9823712651362
POL LPIN1-Ref-0,1529.5743128054337
POL LACC6-Ref,1526.1329262358156
POL LaTH8-Ref-0,1524.7389723340762
POL AINS11-Ref,-1523.357828328327
POL RPCn8-Ref,-1521.3536619429458
POL RaTH6-Ref-1,1518.692659192017
POL RpTh1-Ref,1513.4305240832637
POL LSCC2-Ref,1512.218888240758
POL RpTH14-Ref-0,-1497.517110961758
POL LPCn5-Ref,1487.651299684008
POL LACC5-Ref,1484.1331759303307
POL RaTH5-Ref-1,1471.0103517654097
POL LpTH2-Ref-0,1468.8621582877706
POL LAMY2-Ref-0,1468.0303832718607
POL RAMY4-Ref-2,1464.9738384369768
POL RMCC11-Ref-0,1464.7842947096563
POL LvPH5-Ref,1460.0699247260477
POL RaTh2-Ref,1446.95257210302
POL RPCn3-Ref,1445.844072841306
POL RpTH4-Ref-0,1438.5293784705798
POL RpTH8-Ref-0,-1426.6211795891552
POL LaTh1-Ref,1423.5856786561642
POL CINS1-Ref,1419.1389651599764
POL LOFC1-Ref-0,1417.8384940137987
POL LACC2-Ref,1409.3721875296578
POL RMCC12-Ref-0,1401.3706428977198
POL RpHP12-Ref,1400.3169404112934
POL LOFC2-Ref-0,1397.3510140966685
POL LMCC9-Ref-0,1392.540646103469
POL LpTh1-Ref,1392.0455642382494
POL AINS2-Ref,1390.0432825661328
POL RAMY10-Ref-3,-1386.848185427642
POL RsCC8-Ref,1381.4278732898517
POL LPHG7-Ref-0,-1377.8952201674822
POL RPCn16-Ref,1376.8399610933236
POL RpHP4-Ref,1369.3372782554552
POL RpHP9-Ref,-1365.9948321010645
POL LSCC9-Ref,1359.518953283833
POL RaTH12-Ref-0,-1357.5241991943878
POL LOFC9-Ref-0,1356.0532193590368
POL RAMY6-Ref-1,1346.1066247467486
POL LRMD9-Ref-1,-1345.9525550403744
POL RsCC6-Ref,1344.0374306794574
POL LOfC2-Ref,1343.594785361497
POL LMDT6-Ref,1343.0253290423743
POL RpTh6-Ref,-1336.920325673019
POL RaIN6-Ref,1336.4236298298988
POL LaTH7-Ref-0,1330.7269100644774
POL RaTH12-Ref-1,1325.9659027606624
POL LOFC5-Ref-0,1317.8941381933441
POL RMCC14-Ref-0,1313.9877005987844
POL RAMY11-Ref-2,-1311.9590699683777
POL RpTh12-Ref,1307.947949298433
POL LMCC7-Ref-0,1306.2267550906063
POL LaTH11-Ref-2,1305.655466997208
POL RsCC7-Ref,1302.4831660748284
POL LpTH3-Ref-1,1298.0743193873022
POL RMCC9-Ref-0,1297.8678664921065
POL LACC12-Ref,1295.5337141052923
POL LAMY1-Ref-1,1289.1457253347396
POL LaTH10-Ref-2,1288.1323853586805
POL LMDT4-Ref,1287.5214948103333
POL LACC10-Ref,1286.2470416806498
POL LOfC8-Ref,1284.6882705175888
POL LaTh10-Ref,1278.2408861698773
POL LvPH3-Ref,1274.6437081359948
POL RAMY5-Ref-3,1268.8788721940905
POL LAMY6-Ref-1,-1264.5553724660756
POL AINS1-Ref,1253.6144764782077
POL RpTH7-Ref-0,-1252.3404719696587
POL LaTh7-Ref,1250.6056729266272
POL RPvH10-Ref,1244.6800124094877
POL CINS5-Ref,-1243.2827316712235
POL LpTh13-Ref,-1237.1417060110368
POL LRMD10-Ref-0,-1233.7666403984665
POL LMDT7-Ref,1232.7509921860742
POL LPCn13-Ref,1225.1001314622574
POL LSCC8-Ref,1221.4556173288777
POL RAMY8-Ref-2,-1221.17349247961
POL LRCS12-Ref,1215.8717692690545
POL LAMY8-Ref-1,-1211.5549965759421
POL LaTH4-Ref-1,1211.4964012031623
POL RpHG6-Ref,1209.3749557653407
POL CINS10-Ref,1208.0637977726938
POL LRMD9-Ref-0,-1207.3250386231605
POL LAMY6-Ref-2,1204.5507920512239
POL LHiP1-Ref,1203.4927235835826
POL LPCn3-Ref,1202.9049249659538
POL LPHG4-Ref-0,1194.8013335841665
POL LHiP2-Ref,1187.1962610380594
POL RpHP5-Ref,-1186.6485553407208
POL RpIN8-Ref,1185.4914376715644
POL RpTh10-Ref,-1183.5088911112305
POL RPIN15-Ref-1,1177.2254918787253
POL LOfC10-Ref,1176.5158479209333
POL RPCn7-Ref,1173.245503553562
POL LpTh3-Ref,1172.5955071650953
POL RaTH8-Ref-1,1166.072999227735
POL RMiC1-Ref,1161.9298182797158
POL LAMY5-Ref-0,1160.5485397811665
POL RaTH9-Ref-0,-1158.9316205429302
POL LaIN12-Ref,-1156.6511053811334
POL LpTh7-Ref,-1154.7335084721228
POL RpHG4-Ref,1153.920674857307
POL RPCn11-Ref,-1149.3965011645726
POL LPCn8-Ref,1149.361767950948
POL RpTH9-Ref-0,-1147.4755429792929
POL LMCC1-Ref-0,1142.749335122059
POL RpTH15-Ref,1140.633038480637
POL RMiC5-Ref,1138.3672780975005
POL LACC4-Ref,1137.8366287037234
POL LaTh9-Ref,1129.9226933793695
POL LPHG1-Ref-1,1128.704928313911
POL LOFC7-Ref-0,-1123.343765135463
POL LANT8-Ref,1122.1236007404782
POL RpTH16-Ref,1119.0468123859582
POL LPHG9-Ref-1,1117.2926529056613
POL CINS16-Ref,1114.6696088134538
POL RaTH3-Ref-0,1113.7924605264313
POL RaTH4-Ref-0,1111.6313478494164
POL LAMY4-Ref-0,1107.1301669351196
POL LaTH2-Ref-0,1106.7585816080386
POL RpHG5-Ref,1105.9859503423127
POL LMCC15-Ref-0,1104.9468628794627
POL RPIN13-Ref-0,1096.464437827562
POL LACC9-Ref,-1088.9085874125713
POL LaTH12-Ref-0,1083.4767018018458
POL LAMY11-Ref-1,1081.2350371284851
POL RPIN9-Ref-0,1079.0679387558714
POL LHiP3-Ref,1072.7541776931805
POL LvPH11-Ref,1067.0101841392634
POL LMDT3-Ref,1061.485864794528
POL LpTH10-Ref-0,-1036.7767983114848
POL RPCn4-Ref,1034.9889915386495
POL RHIP10-Ref-0,1029.6564391763154
POL RPIN12-Ref-0,1025.6168555798824
POL LpTh14-Ref,1021.844701789816
POL RAMY6-Ref-0,1021.303069795084
POL RaIN16-Ref,1017.07434665562
POL RaTh1-Ref,1007.7683011756567
POL RsCC9-Ref,-1003.5023818107445
POL LHIP1-Ref-1,1002.4104807078182
POL RHIP9-Ref-0,996.2840605529835
POL CINS3-Ref,989.321649361939
POL LPHG4-Ref-1,983.8291661315903
POL LOFC12-Ref-0,982.900555831816
POL LPIN3-Ref-0,976.3112455696233
POL RPIN11-Ref-0,970.9624040534641
POL LaIN14-Ref,-970.6839035362914
POL RpTH13-Ref-0,-962.3214610763176
POL LaTH10-Ref-1,-960.1036115578919
POL RMiC10-Ref,958.349692734796
POL LMCC6-Ref-0,957.5405925063303
POL LPHG6-Ref-1,954.1051185966558
POL LRCS4-Ref,950.1028592007451
POL LRMD14-Ref-0,-941.4730571312283
POL RaTh9-Ref,940.719483109334
POL AINS12-Ref,-935.0688276762218
POL LHIP6-Ref-1,-929.3046688497124
POL RsCC12-Ref,-924.0674106110724
POL RMCC10-Ref-0,915.5603292620577
POL LPIN2-Ref-0,900.8676430898083
POL LpTh6-Ref,-898.0768165435557
POL RPIN14-Ref-0,896.4433366430054
POL LaIN5-Ref,-894.8159659368839
POL LACC3-Ref,894.1648031517493
POL RAMY8-Ref-3,892.6576974008067
POL LRMD8-Ref-0,-888.9648551991755
POL LvPH7-Ref,887.6654490096146
POL LRMD8-Ref-1,-877.6641006012686
POL RPCn13-Ref,877.2744382674113
POL LaTH1-Ref-1,876.3021943452753
POL LPHG6-Ref-0,-874.923481441932
POL LaIN4-Ref,-869.5644401564082
POL LaIN2-Ref,868.7649169634916
POL LOFC11-Ref-0,868.6950158337575
POL LaIN3-Ref,-864.0410477280539
POL LRCS8-Ref,858.2255479400185
POL RaTh12-Ref,855.9383659566555
POL RAMY1-Ref-2,854.5237178305047
POL LaTh12-Ref,-848.152055297386
POL LaTH8-Ref-1,842.420794409736
POL RPvH4-Ref,840.1968124242999
POL LpTH4-Ref-1,831.9396855889172
POL LSCC7-Ref,831.6616032525412
POL LRMD6-Ref-0,831.0183783813445
POL RAMY9-Ref-2,-830.9563706127041
POL RaTH9-Ref-1,826.8910896548012
POL RaIN13-Ref,822.5200964954286
POL LvPH10-Ref,820.6475130088178
POL RPCn12-Ref,-817.2551786128796
POL LMDT1-Ref,815.7184455656445
POL AINS14-Ref,-809.3983572380977
POL LSCC12-Ref,-808.2554571414214
POL LPCn15-Ref,806.0335287484102
POL LPTH12-Ref-1,804.2001925629614
POL LHIP5-Ref-1,799.7668904307163
POL RPvH11-Ref,799.1476509429349
POL LpTH2-Ref-1,797.2475142502991
POL LHIP8-Ref-1,794.5736129498172
POL RMiC9-Ref,791.2741361817938
POL LMDT2-Ref,790.7777816010548
POL LRCS5-Ref,-790.408335488821
POL LpTh2-Ref,788.1716381912305
POL RpHP11-Ref,788.1511176639592
POL RMCC12-Ref-1,784.933755621493
POL LSCC10-Ref,782.5248253633572
POL RAMY10-Ref-2,780.1477132853339
POL AINS10-Ref,-778.0464252854853
POL LSCC11-Ref,-771.805711072764
POL AINS5-Ref,769.2895529458568
POL LIL1-Ref,-767.5486642392406
POL LHIP4-Ref-1,760.4323489770165
POL RMCC15-Ref-0,756.6016110309993
POL RaTH8-Ref-0,-755.2117142099296
POL LRCS3-Ref,752.5887949278413
POL RaTh3-Ref,751.9955377985552
POL RMCC9-Ref-1,739.2029771474564
POL LHiP4-Ref,738.3986801473086
POL RaTH6-Ref-0,731.0578023330357
POL RAMY5-Ref-1,727.2420124052395
POL RMiC2-Ref,725.0815152753826
POL RPCn15-Ref,717.1023536160798
POL RPCn1-Ref,717.0646893979817
POL RaTh10-Ref,716.5877704063809
POL LHIP7-Ref-1,710.4580622612123
POL LAMY9-Ref-3,709.0985590114705
POL RAMY9-Ref-3,705.9137365955617
POL RaIN1-Ref,700.6288317006968
POL LaTH6-Ref-1,698.2146500527369
POL RpTh11-Ref,697.7424674061274
POL LaTH9-Ref-0,-695.7894257976994
POL LAMY7-Ref-2,692.041525385625
POL LOFC10-Ref-0,689.4825823548344
POL LaIN8-Ref,685.7993867755005
POL LpTH11-Ref-0,-681.2306904333566
POL RpHP3-Ref,680.2908062604735
POL RAMY8-Ref-0,673.3108212699615
POL RaTh14-Ref,673.0982869833771
POL LMiC2-Ref,671.3995231495561
POL CINS13-Ref,-670.2776579878436
POL RPCn9-Ref,669.3238027029569
POL LPCn14-Ref,667.074627379883
POL LACC1-Ref,658.369646111012
POL LOfC12-Ref,656.0839740585391
POL LaIN7-Ref,653.1011931970922
POL LAMY9-Ref-0,-649.3179774565693
POL LMDT5-Ref,639.3015052595906
POL RpHG10-Ref,625.6135805202881
POL LAMY8-Ref-0,624.713060365701
POL LHIP2-Ref-1,614.0145455864013
POL LpTh11-Ref,-607.5353078719863
POL AINS16-Ref,599.2502657808136
POL RAMY3-Ref-1,596.05629344503
POL LaTH3-Ref-0,594.7602706932255
POL LAMY10-Ref-2,-584.2892386068204
POL RaTH2-Ref-0,583.9525998380614
POL CINS9-Ref,580.6655757888577
POL LpFG5-Ref,575.7356500493499
POL LRMD4-Ref-0,570.4065422970469
POL RpTH11-Ref-0,569.7474190262941
POL RPvH8-Ref,560.8774625052191
POL RpTH12-Ref-0,559.6360012334449
POL RAMY7-Ref-1,-554.2915136197864
POL RPvH1-Ref,552.1771600404529
POL AINS7-Ref,-549.1731592513308
POL RpHG7-Ref,544.9631234935403
POL LvPH8-Ref,534.9075205063511
POL RpHG9-Ref,532.9862586866867
POL LOfC3-Ref,531.9517891223326
POL LaIN11-Ref,521.3603154154185
POL LAMY9-Ref-1,-500.6504579630871
POL CINS15-Ref,-484.5366589462924
POL LpFG6-Ref,483.763257607289
POL RaTH11-Ref-1,483.4420303187497
POL RaTH5-Ref-0,482.243544919513
POL RPvH3-Ref,-477.6710642360156
POL RpHG12-Ref,476.1449936716416
POL LpTH1-Ref-0,475.10230308390965
POL LMDT14-Ref,-473.7584920117589
POL LMCC14-Ref-0,463.80579137952634
POL LMDT12-Ref,-457.0903452828439
POL RpTH13-Ref-1,456.5619055148363
POL LaIN6-Ref,-452.0640719022533
POL LAMY3-Ref-1,446.64749015589274
POL LAMY10-Ref-3,441.2900117015429
POL LAMY8-Ref-3,440.880783902564
POL RMiC4-Ref,436.8343395131571
POL LAMY1-Ref-0,434.90512840833026
POL LHIP3-Ref-1,434.73854001510847
POL LAMY8-Ref-2,-427.51816524517534
POL AINS9-Ref,422.7316464769404
POL RpHG13-Ref,415.23492406129844
POL CINS8-Ref,411.1931905126111
POL RpHG14-Ref,409.108719528312
POL LaIN13-Ref,-403.7286951729115
POL LpTH1-Ref-1,390.2319278081136
POL RpHG3-Ref,-387.7566045543351
POL RpHG8-Ref,384.0150748636375
POL LOFC3-Ref-0,-383.625451212935
POL CINS12-Ref,-375.4566040882463
POL AINS13-Ref,374.73655777749866
POL RPIN10-Ref-0,372.18881554888975
POL LPHG3-Ref-1,370.0950298977984
POL RPIN4-Ref-0,-368.20941156106494
POL RAMY9-Ref-0,358.8723252894156
POL LPTH5-Ref-1,-357.44818738519297
POL RHIP6-Ref-0,356.241114323995
POL RpHG11-Ref,356.20252665642033
POL LMDT13-Ref,-353.74796287760614
POL LaIN1-Ref,348.38695971474675
POL LAMY10-Ref-1,-346.9309553243274
POL RHIP8-Ref-0,344.90054925131363
POL RpTH5-Ref-0,339.5350430830576
POL LAMY9-Ref-2,330.57907961079314
POL LRCS10-Ref,-330.5521007215997
POL LaTh11-Ref,-329.92907866279637
POL RsCC11-Ref,329.63595615283725
POL RsCC2-Ref,327.3159669147817
POL LPIN13-Ref-1,323.89154131814075
POL RpTH3-Ref-0,316.51692807948046
POL LMDT8-Ref,-315.62219771862067
POL CINS14-Ref,313.84392732755504
POL RpTH14-Ref-1,310.9475386679645
POL LOfC7-Ref,-310.94319623948553
POL LaTH5-Ref-1,301.84900354832166
POL RPCn14-Ref,294.98587032576296
POL LRMD15-Ref-0,-294.555443499406
POL LPCn4-Ref,283.80271602517536
POL RaTH14-Ref-0,-279.533787249033
POL RaTh13-Ref,279.4248768673196
POL LRMD16-Ref-0,-275.9299054473277
POL LSCC6-Ref,275.89420385329225
POL LPHG11-Ref,267.56630520235194
POL LPHG5-Ref-0,262.7654684613507
POL LAMY7-Ref-1,-259.1149235561497
POL LOfC11-Ref,258.1032822860984
POL RaTH10-Ref-0,-251.92095603696274
POL LMDT16-Ref,247.63506115750076
POL LRCS6-Ref,-247.22501985961404
POL LOFC4-Ref-0,-247.16327438576437
POL RPCn5-Ref,-246.0473035425334
POL RPvH2-Ref,242.84973793956019
POL LHIP10-Ref-1,-239.29841869308896
POL RPIN7-Ref-0,237.12381128082643
POL RpTH10-Ref-0,-236.85365686042636
POL CINS4-Ref,-233.7078432569715
POL LpTh8-Ref,-227.7163892556544
POL AINS15-Ref,222.04046504463662
POL RaTH13-Ref-1,-220.92000363493528
POL LMDT15-Ref,-215.18279140646737
POL RAMY12-Ref-0,214.84887223581097
POL RPCn10-Ref,-213.95595387422568
POL RaTH14-Ref-1,-212.20743254351933
POL LvPH1-Ref,205.89421666077953
POL LPHG10-Ref-0,-204.59753273959328
POL LaTH7-Ref-1,-203.07675749004574
POL LPHG2-Ref-1,201.88735091318213
POL RAMY10-Ref-0,201.42487876329855
POL LaTH9-Ref-1,-195.2654989662658
POL LPCn7-Ref,-194.71683733965938
POL RMCC13-Ref-0,192.3375959889843
POL RPvH6-Ref,190.1870192369515
POL RPvH12-Ref,-175.25943092635893
POL LAMY10-Ref-0,171.5199711809693
POL LRMD7-Ref-0,-166.66368586435215
POL RpHG2-Ref,165.0959748807555
POL RAMY7-Ref-0,-158.88712826301793
POL LPHG10-Ref-1,158.87901663145038
POL RpTh9-Ref,155.70417470092067
POL LITG2-Ref,155.32563680259983
POL LAMY4-Ref-1,153.83990009910852
POL LMiC3-Ref,-145.84564842697864
POL RpTh8-Ref,144.74021199280608
POL AINS3-Ref,-142.2913233136724
POL LITG5-Ref,139.660624258922
POL LHIP9-Ref-1,-136.90091765504945
POL RMCC10-Ref-1,133.18776556152716
POL LHiP12-Ref,-129.64376460808046
POL LvPH12-Ref,128.60085283733625
POL RpTh5-Ref,-127.9827048558381
POL CINS2-Ref,-123.00499440960921
POL LPCn6-Ref,-113.86205353625166
POL LPHG12-Ref,112.10229437051262
POL CINS11-Ref,-105.7957264768029
POL RHIP7-Ref-0,102.43839599773129
POL LAMY5-Ref-1,-97.67161724419195
POL LAMY12-Ref-0,93.38922742990462
POL LRCS9-Ref,-81.88979019336787
POL LpTH9-Ref-0,79.09778854963848
POL RAMY4-Ref-1,71.18542448856844
POL LACC11-Ref,61.56805124719363
POL LPTH11-Ref-0,58.70785682965914
POL RPvH7-Ref,-58.63777656422769
POL RaTH13-Ref-0,48.292776515251575
POL LAMY7-Ref-0,46.926090610255514
POL LPCn16-Ref,36.82179928485571
POL LPIN16-Ref-0,-34.86777774542699
POL AINS8-Ref,-33.12363678457453
POL LOfC6-Ref,-32.68951387377921
POL AINS6-Ref,-29.679100053596155
POL LOFC8-Ref-0,19.894130636437133
POL LRMD13-Ref-1,-16.712283937522912
POL LAMY11-Ref-0,-11.822824617233037
POL RPIN15-Ref-0,-0.11785812193728694
